<?xml version="1.0" encoding="utf-8"?>
<odoo>
    <record id="group_journal_restrict_feature" model="res.groups">
        <field name="name">Enable Journal Restrict Feature</field>
    </record>

    <record id="group_access_of_assign_user" model="res.groups">
        <field name="name">Access of Assign User in Journal</field>
        <field name="user_ids" eval="[(4, ref('base.user_root')), (4, ref('base.user_admin'))]"/>
    </record>

    <record id="account_journal_restrict_rule" model="ir.rule">
        <field name="name">Journal Restriction Rule</field>
        <field name="model_id" ref="account.model_account_journal"/>
        <field name="domain_force">[('user_ids', 'in', user.id)]</field>
        <field name="groups" eval="[(4, ref('sh_journal_restrict.group_journal_restrict_feature'))]"/>
        <field name="perm_read" eval="True"/>
        <field name="perm_write" eval="False"/>
        <field name="perm_create" eval="False"/>
        <field name="perm_unlink" eval="False"/>
    </record>
</odoo>
